M,D,Fg,Rg,fnadir
5.546692735,1.1880695325000001,10.502496030000001,19.9969137,-0.0797098268
0.665087534168037,0.39705985519287446,3.747090921543703,2.9031263102304576,0.020098615478037332
