M,D,Fg,Rg,fnadir
14.988179599999997,7.49287393,80.0451262,124.9595726,-0.013860115480000003
2.891501173118185,1.4386283130598239,40.35078409690787,43.546600391653186,0.006387456353175838
