M,D,Fg,Rg,fnadir
19.895678,12.197409100000002,80.138509,126.078088,-0.012637379899999999
5.74459957980676,4.344582661044348,39.90245882779555,43.02554861491316,0.005492528307781945
