M,D,Fg,Rg,Mvsg,Dvsg,Ppeak
5.546692735,1.1880695325000001,10.502496030000001,19.9969137,2.511393227136,1.5034766410885,0.344717285534
0.665087534168037,0.39705985519287446,3.747090921543703,2.9031263102304576,1.4486814305434286,0.863439795208428,0.17110114455906278
