M,D,Fg,Rg,Mvsg,Dvsg,Ppeak
14.988179599999997,7.49287393,80.0451262,124.9595726,4.018493298358001,2.0046023256914998,0.1431877854075
2.891501173118185,1.4386283130598239,40.35078409690787,43.546600391653186,2.3176565126333384,1.1513637562643837,0.0863129418084987
